Cod_prod;Desc_Prod;QTD;Val_Cx;Val_Uni
904502;CERV AMSTEL LAGER 0.60L GFA RT 24UN;24;121.2;5.05
419448;CERV PRAYA ORIGINAL 0.60L GFA 12UN;12;122.04;10.17
419440;AGUA MINERAL MAMBA S/ GAS 0.350LT 24UN;24;48;2
405729;AGUA COCO MITTO 1LGFA 12UN;12;188.4;15.7
405530;AGUA COCO MITTO 0.30LGFA 12UN;12;79.44;6.62
405982;SUCO MITTO BANANA 0.30LGFA 12UN;12;73.08;6.09
405964;SUCO MITTO MACA 0.30LGFA 12UN;12;73.08;6.09
405899;SUCO MITTO GOIABA 0.30LGFA 12UN;12;73.08;6.09
405979;SUCO MITTO LARANJA 0.30LGFA 12UN;12;73.08;6.09
405985;SUCO MITTO MANGA 0.30LGFA 12UN;12;73.08;6.09
405980;SUCO MITTO UVA TINTO 0.30LGFA 12UN;12;73.08;6.09
405976;SUCO MITTO MACA 1LGFA 12UN;12;188.4;15.7
405263;SUCO MITTO CAJU 1LGFA 12UN;12;188.4;15.7
405264;SUCO MITTO BANANA 1LGFA 12UN;12;188.4;15.7
405981;SUCO MITTO CAJU 0.30LGFA 12UN;12;73.08;6.09
405954;SUCO MITTO GOIABA 1LGFA 12UN;12;188.4;15.7
405959;SUCO MITTO MANGA 1LGFA 12UN;12;188.4;15.7
405955;SUCO MITTO UVA TINTO 1LGFA 12UN;12;188.4;15.7
405972;SUCO MITTO TOMATE 1LGFA 12UN;12;188.4;15.7
405591;CHA MITTO ENERGIA 0.30LGFA 12UN;12;73.08;6.09
405896;SUCO MITTO TANGERINA 0.30LGFA 12UN;12;73.08;6.09
418637;AGUA MINERAL MAMBA C/ GAS 0.350LT 24UN;24;54.72;2.28
405962;SUCO MITTO TANGERINA 1LGFA 12UN;12;188.4;15.7
405897;SUCO MITTO TOMATE 0.30LGFA 12UN;12;73.08;6.09
419454;CHA BAER MATE 0.269LT 6UN;6;34.56;5.76
419465;CHA BAER MATE 0.350LN 6UN;6;39.18;6.53
418502;CERV PRAYA ORIGINAL 0.269LT 12UN;12;60.01;5
405902;CHA MITTO ENERGIA 1LGFA 12UN;12;188.4;15.7
903474;CERV HEINEKEN PIL 0.250GFA DESC 2X12UN P;24;106.8;4.45
904721;CERV HEINEKEN PIL 0.269LT DESC 8UN PB;8;28.72;3.59
904632;CERV AMSTEL ULTRA 0.269LT 12UNPBR;12;38.41;3.2
905072;BMA AMSTEL VIBES LIMAO 0.269LT 6UNPBR;6;24.72;4.12
905073;BMA AMSTEL VIBES MEL MOR 0.269LT 6UNPBR;6;24.72;4.12
903478;CERV HEINEKEN PIL 0.330GFA DESC 4X6UN PB;24;133.44;5.56
903996;CERV HEINEKEN 0.0% 0.330GFA DES 4X6UNPBR;24;133.44;5.56
904631;CERV AMSTEL ULTRA 0.275LN DES 2X6UN PBR;12;49.56;4.13
905052;CERV AMSTEL LAGER 0.355LN DES 2X6UN PBR;12;44.64;3.72
904602;CERV BLUE MOON 0.355LN DES 4X6UN PBR;24;187.92;7.83
903901;CERV LAGUNITAS IPA 0.355LN DES 12UN PBR;12;95.16;7.93
904932;CERV HEINEKEN PIL 0.350LT SLEEKDES12UNPB;12;54.96;4.58
904961;CERV HEINEKEN 0.0% 0.350LTSLEEKDES12UNPB;12;55.68;4.64
903131;CERV DEVASSA LAGER 0.350LTSLEEKDES12UPBR;12;30.12;2.51
900089;CERV GLACIAL PILS 0.350LT 12UN PBR;12;29.04;2.42
904782;CERV LAGUNITAS IPA 0.350LT SLEEK 12UN PB;12;69.49;5.79
904193;CERV BADEN WITBIER 0.350LT SLEEK2X6UNPBR;12;52.56;4.38
904441;CERV BADEN PILCRIST 0.350LT SLEK2X6UNPBR;12;52.44;4.37
904451;CERV BADEN IPA 0.350LT SLEK2X6UNPBR;12;52.44;4.37
903128;CERV DEVASSA LAGER 0.473LT DES 12UN PBR;12;40.32;3.36
900416;CERV GLACIAL PILS 0.473LT 12UN PBR;12;37.8;3.15
905001;CERV BADEN IPA 0.473LT DES 12UN PBR;12;58.44;4.87
905002;CERV BADEN PILCRIST 0.473LT DES 12UN PBR;12;58.32;4.86
900118;CERV BADEN GOLDEN ALE 0.60LGFA 12UN PBR;12;123.24;10.27
900500;CERV BADEN WEISS 0.60LGFA 12UN PBR;12;123;10.25
901162;CERV BADEN WITBIER 0.60LGFA 12UN PBR;12;123.36;10.28
902832;CERV BADEN AMERICAN IPA 0.60LGFA 12UN 2P;12;123.24;10.27
903219;CERV BADEN 5 GRAOS 0.60LGFA DESC 12UN PBR;12;123.24;10.27
904742;CERV BADEN PEACH 0.60LGFA DES 12UN PBR;12;123.36;10.28
900109;CERV BADEN PILCRIST 0.60LGFA 12UN PBR;12;123.24;10.27
903480;CERV HEINEKEN PIL 0.6GFA DESC 12UNPBR;12;121.32;10.11
903797;REFR FYS TONICA 0.350LT DES 12UN PBR;12;31.68;2.64
905283;REFR FYS GUARANA ZERO 0.350LT DESC12UNPB;12;29.28;2.44
905282;REFR FYS LIMAO ZERO 0.350LT DESC 12UNPBR;12;29.28;2.44
904496;REFR FYS TONICA ZERO 0.350LT DES 12UN PB;12;31.68;2.64
903791;REFR FYS GUARANA 0.350LT DES 12UN PBR;12;29.16;2.43
903793;REFR FYS LARANJA 0.350LT DES 12UN PBR;12;29.16;2.43
903795;REFR FYS LIMAO 0.350LT DES 12UN PBR;12;29.16;2.43
904841;REFR CLASHD FRUTVERM 0.269LT DES 12UNPBR;12;44.88;3.74
904824;REFR CLASHD LIMAO 0.269LT DES 12UN PBR;12;44.88;3.74
904825;REFR CLASHD MACA 0.269LT DES 12UN PBR;12;44.88;3.74
900362;BBMI SKINKA FRUTCITRIC 0.45LPET 12UN PBR;12;31.44;2.62
900368;BBMI SKINKA FRUTVERM 0.45LPET 12UN PBR;12;31.44;2.62
903122;BBMI SKINKA UVA 0.45LPET DES 12UN PBR;12;31.44;2.62
903483;DRAFT BEER HEINEKEN PIL 5L DESC 2UNPBR;2;177.72;88.86
904952;CERV AMSTEL LAGER 0.350LT SLEEK 12UN PBR;12;37.8;3.15
903940;CERV HEINEKEN PIL 0.473LT DES 12UN PBR;12;64.15;5.35
904504;CERV AMSTEL LAGER 0.473LT DES 12UNPBR;12;48.12;4.01
904994;CERV HEINEKEN PIL 0.330GFA DESC4X6UN REP;24;95.76;3.99
905301;CERV AMSTEL LAGER 1LGFA DESC 12UN;12;89.64;7.47
900090;CERV GLACIAL PILS 0.60LGFA 24U;24;92.64;3.86
903061;CERV DEVASSA LAGER 0.6LGFA RT 24UN;24;103.2;4.3
901133;CERV GLACIAL PILS 1LGFA 12UN;12;54.72;4.56
902432;CERV SCHIN PILS 1LGFA 12UN;12;64.32;5.36
904213;CERV AMSTEL PIL 1LGFA RT 12UN;12;75.48;6.29
903171;CERV DEVASSA LAGER 1LGFA RT 12UN;12;61.32;5.11
903482;CERV HEINEKEN PIL 0.60GFA RT 24UN;24;179.55;7.48
904781;CERV HEINEKEN PIL 0.330GFA RT 24UN PBR2;24;104.4;4.35
903486;CHOP HEINEKEN PIL 30L BARRIL RT;1;351.73;351.73
903489;CHOP HEINEKEN PIL 50L BARRIL RT;1;586.38;586.38
904507;DRAFT BEER AMSTEL LAGER 50L PBR2;1;438.6;438.6
905163;DRAFT BEER AMSTEL LAGER 30L PBR2;1;262.65;262.65
905373;CERV BADEN AMB LAG 0.473LT DES 12UN PBR;12;58.2;4.85
905291;CERV HEINEKEN PIL 0.250GFA DESC 2X12UN P;12;53.4;4.45
7604790;WHISKY BELLS ORIGINAL 700ML;1;30.26;30.26
905451;CERV PRAYA LAGER 0.330GFA DESC;24;134.88;5.62
7337060;AGUARDENTE YPIOCA CG OURO 965M;12;147.2;12.27
674963;AGUA MAMBA PROTEIN MANG PE M 350LTSLK6UN;6;42.78;7.13
674964;AGUA MAMBA PROTEIN ABAC HORT 350LTSLK6UN;6;42.78;7.13
902321;REFR ITUBAINA RETRO 0.350LT 12UN PBR;12;30.84;2.57
